timestamp,name,match_code,home,away,predicted_score,points_multiplier,actual_score,matchday,stage,stage_detail,match_time
07/06/2024 19:59:48,Larry,M01,Germany,Scotland,2-0,2,5-1,1,Groups,01. Groups - Matchday 1,14/06/2024 20:00:00
07/06/2024 20:04:57,Tom,M01,Germany,Scotland,2-0,1,5-1,1,Groups,01. Groups - Matchday 1,14/06/2024 20:00:00
08/06/2024 23:31:40,Ed,M01,Germany,Scotland,3-1,1,5-1,1,Groups,01. Groups - Matchday 1,14/06/2024 20:00:00
09/06/2024 10:35:29,Jonny,M01,Germany,Scotland,3-0,2,5-1,1,Groups,01. Groups - Matchday 1,14/06/2024 20:00:00
11/06/2024 11:43:49,Jay,M01,Germany,Scotland,2-0,1,5-1,1,Groups,01. Groups - Matchday 1,14/06/2024 20:00:00
13/06/2024 13:32:21,Marc,M01,Germany,Scotland,3-1,2,5-1,1,Groups,01. Groups - Matchday 1,14/06/2024 20:00:00
14/06/2024 13:38:34,Corfe,M01,Germany,Scotland,2-0,2,5-1,1,Groups,01. Groups - Matchday 1,14/06/2024 20:00:00
14/06/2024 19:11:16,Luke,M01,Germany,Scotland,2-0,2,5-1,1,Groups,01. Groups - Matchday 1,14/06/2024 20:00:00
27/05/2024 20:29:29,Rando Randal,M01,Germany,Scotland,1-0,1,5-1,1,Groups,01. Groups - Matchday 1,14/06/2024 20:00:00
27/05/2024 20:29:29,Peter Popular,M01,Germany,Scotland,2-0,2,5-1,1,Groups,01. Groups - Matchday 1,14/06/2024 20:00:00
07/06/2024 19:59:48,Larry,M03,Spain,Croatia,2-0,1,3-0,1,Groups,01. Groups - Matchday 1,15/06/2024 17:00:00
07/06/2024 20:04:57,Tom,M03,Spain,Croatia,0-0,1,3-0,1,Groups,01. Groups - Matchday 1,15/06/2024 17:00:00
08/06/2024 23:31:40,Ed,M03,Spain,Croatia,1-1,1,3-0,1,Groups,01. Groups - Matchday 1,15/06/2024 17:00:00
09/06/2024 10:35:29,Jonny,M03,Spain,Croatia,2-1,1,3-0,1,Groups,01. Groups - Matchday 1,15/06/2024 17:00:00
11/06/2024 11:43:49,Jay,M03,Spain,Croatia,1-1,1,3-0,1,Groups,01. Groups - Matchday 1,15/06/2024 17:00:00
13/06/2024 13:32:21,Marc,M03,Spain,Croatia,2-0,1,3-0,1,Groups,01. Groups - Matchday 1,15/06/2024 17:00:00
14/06/2024 13:38:34,Corfe,M03,Spain,Croatia,2-1,1,3-0,1,Groups,01. Groups - Matchday 1,15/06/2024 17:00:00
14/06/2024 19:11:16,Luke,M03,Spain,Croatia,1-0,1,3-0,1,Groups,01. Groups - Matchday 1,15/06/2024 17:00:00
27/05/2024 20:29:29,Rando Randal,M03,Spain,Croatia,1-1,1,3-0,1,Groups,01. Groups - Matchday 1,15/06/2024 17:00:00
27/05/2024 20:29:29,Peter Popular,M03,Spain,Croatia,2-1,1,3-0,1,Groups,01. Groups - Matchday 1,15/06/2024 17:00:00
07/06/2024 19:59:48,Larry,M05,Serbia,England,0-2,1,0-1,1,Groups,01. Groups - Matchday 1,16/06/2024 20:00:00
07/06/2024 20:04:57,Tom,M05,Serbia,England,0-2,2,0-1,1,Groups,01. Groups - Matchday 1,16/06/2024 20:00:00
08/06/2024 23:31:40,Ed,M05,Serbia,England,1-2,2,0-1,1,Groups,01. Groups - Matchday 1,16/06/2024 20:00:00
09/06/2024 10:35:29,Jonny,M05,Serbia,England,0-2,1,0-1,1,Groups,01. Groups - Matchday 1,16/06/2024 20:00:00
11/06/2024 11:43:49,Jay,M05,Serbia,England,0-1,1,0-1,1,Groups,01. Groups - Matchday 1,16/06/2024 20:00:00
13/06/2024 13:32:21,Marc,M05,Serbia,England,1-4,1,0-1,1,Groups,01. Groups - Matchday 1,16/06/2024 20:00:00
14/06/2024 13:38:34,Corfe,M05,Serbia,England,0-2,1,0-1,1,Groups,01. Groups - Matchday 1,16/06/2024 20:00:00
14/06/2024 19:11:16,Luke,M05,Serbia,England,0-1,1,0-1,1,Groups,01. Groups - Matchday 1,16/06/2024 20:00:00
27/05/2024 20:29:29,Rando Randal,M05,Serbia,England,2-4,2,0-1,1,Groups,01. Groups - Matchday 1,16/06/2024 20:00:00
27/05/2024 20:29:29,Peter Popular,M05,Serbia,England,0-3,1,0-1,1,Groups,01. Groups - Matchday 1,16/06/2024 20:00:00
07/06/2024 19:59:48,Larry,M08,Austria,France,0-2,1,0-1,1,Groups,01. Groups - Matchday 1,17/06/2024 20:00:00
07/06/2024 20:04:57,Tom,M08,Austria,France,1-2,1,0-1,1,Groups,01. Groups - Matchday 1,17/06/2024 20:00:00
08/06/2024 23:31:40,Ed,M08,Austria,France,1-4,1,0-1,1,Groups,01. Groups - Matchday 1,17/06/2024 20:00:00
09/06/2024 10:35:29,Jonny,M08,Austria,France,0-3,1,0-1,1,Groups,01. Groups - Matchday 1,17/06/2024 20:00:00
11/06/2024 11:43:49,Jay,M08,Austria,France,1-3,1,0-1,1,Groups,01. Groups - Matchday 1,17/06/2024 20:00:00
13/06/2024 13:32:21,Marc,M08,Austria,France,0-3,1,0-1,1,Groups,01. Groups - Matchday 1,17/06/2024 20:00:00
14/06/2024 13:38:34,Corfe,M08,Austria,France,1-3,1,0-1,1,Groups,01. Groups - Matchday 1,17/06/2024 20:00:00
14/06/2024 19:11:16,Luke,M08,Austria,France,0-2,1,0-1,1,Groups,01. Groups - Matchday 1,17/06/2024 20:00:00
27/05/2024 20:29:29,Rando Randal,M08,Austria,France,3-2,1,0-1,1,Groups,01. Groups - Matchday 1,17/06/2024 20:00:00
27/05/2024 20:29:29,Peter Popular,M08,Austria,France,0-3,1,0-1,1,Groups,01. Groups - Matchday 1,17/06/2024 20:00:00
07/06/2024 19:59:48,Larry,M12,Portugal,Czech Republic,2-1,1,,1,Groups,01. Groups - Matchday 1,18/06/2024 20:00:00
07/06/2024 20:04:57,Tom,M12,Portugal,Czech Republic,3-1,1,,1,Groups,01. Groups - Matchday 1,18/06/2024 20:00:00
08/06/2024 23:31:40,Ed,M12,Portugal,Czech Republic,2-0,1,,1,Groups,01. Groups - Matchday 1,18/06/2024 20:00:00
09/06/2024 10:35:29,Jonny,M12,Portugal,Czech Republic,2-1,1,,1,Groups,01. Groups - Matchday 1,18/06/2024 20:00:00
11/06/2024 11:43:49,Jay,M12,Portugal,Czech Republic,2-0,2,,1,Groups,01. Groups - Matchday 1,18/06/2024 20:00:00
13/06/2024 13:32:21,Marc,M12,Portugal,Czech Republic,1-1,1,,1,Groups,01. Groups - Matchday 1,18/06/2024 20:00:00
14/06/2024 13:38:34,Corfe,M12,Portugal,Czech Republic,3-0,1,,1,Groups,01. Groups - Matchday 1,18/06/2024 20:00:00
14/06/2024 19:11:16,Luke,M12,Portugal,Czech Republic,1-0,1,,1,Groups,01. Groups - Matchday 1,18/06/2024 20:00:00
27/05/2024 20:29:29,Rando Randal,M12,Portugal,Czech Republic,5-3,1,,1,Groups,01. Groups - Matchday 1,18/06/2024 20:00:00
27/05/2024 20:29:29,Peter Popular,M12,Portugal,Czech Republic,2-0,1,,1,Groups,01. Groups - Matchday 1,18/06/2024 20:00:00
